EmployeeNumber,Age,Attrition_actual,BusinessTravel,Department,DistanceFromHome,Education,EducationField,EmployeeCount,EnvironmentSatisfaction,Gender,JobInvolvement,JobLevel,JobRole,JobSatisfaction,MaritalStatus,MonthlyIncome,NumCompaniesWorked,OverTime,PercentSalaryHike,PerformanceRating,RelationshipSatisfaction,StandardHours,StockOptionLevel,TotalWorkingYears,TrainingTimesLastYear,WorkLifeBalance,YearsAtCompany,YearsInCurrentRole,YearsSinceLastPromotion,YearsWithCurrManager
1683,44,No,Travel_Rarely,Human Resources,1,3,Life Sciences,1,3,Female,3,1,Human Resources,4,Divorced,3195,4,Yes,18,3,1,80,3,8,2,3,2,2,2,2
1684,23,Yes,Travel_Rarely,Research & Development,8,1,Medical,1,4,Male,2,1,Laboratory Technician,3,Single,3989,1,Yes,11,3,1,80,0,5,2,3,5,4,1,2
1687,38,No,Travel_Rarely,Research & Development,4,2,Medical,1,4,Female,3,1,Laboratory Technician,3,Married,3306,7,No,19,3,4,80,1,7,5,2,0,0,0,0
1689,53,No,Travel_Rarely,Research & Development,24,4,Medical,1,2,Male,4,3,Healthcare Representative,4,Married,7005,3,No,15,3,3,80,0,11,2,3,4,3,1,2
1691,48,Yes,Travel_Frequently,Sales,7,2,Medical,1,4,Female,3,1,Sales Representative,3,Married,2655,2,Yes,11,3,3,80,2,19,3,3,9,7,7,7
1692,32,Yes,Travel_Rarely,Research & Development,2,4,Life Sciences,1,4,Male,3,1,Laboratory Technician,2,Single,1393,1,No,12,3,1,80,0,1,2,3,1,0,0,0
1693,26,No,Non-Travel,Research & Development,7,3,Medical,1,4,Male,3,1,Laboratory Technician,4,Single,2570,1,No,20,4,3,80,0,7,5,3,7,7,5,7
1694,55,No,Travel_Rarely,Research & Development,22,3,Technical Degree,1,1,Male,2,1,Research Scientist,2,Divorced,3537,5,No,12,3,4,80,1,8,1,3,4,2,1,2
1696,34,No,Travel_Rarely,Research & Development,5,2,Medical,1,2,Male,2,2,Laboratory Technician,4,Married,3986,1,No,14,3,3,80,1,15,3,4,15,10,4,13
1697,60,No,Travel_Rarely,Research & Development,1,4,Medical,1,3,Male,1,3,Healthcare Representative,4,Divorced,10883,3,No,20,4,3,80,1,19,2,4,1,0,0,0
1698,33,No,Travel_Rarely,Research & Development,21,3,Medical,1,2,Male,4,1,Laboratory Technician,2,Married,2028,1,No,18,3,4,80,3,14,6,3,14,11,2,13
1700,37,No,Travel_Frequently,Sales,1,4,Medical,1,3,Male,1,2,Sales Executive,4,Divorced,9525,1,No,14,3,3,80,2,6,2,2,6,3,1,3
1701,34,No,Travel_Rarely,Research & Development,19,3,Life Sciences,1,2,Female,2,1,Research Scientist,4,Married,2929,1,No,12,3,2,80,0,10,3,3,10,9,8,7
1702,23,Yes,Travel_Rarely,Sales,7,3,Life Sciences,1,3,Male,3,1,Sales Representative,4,Divorced,2275,1,Yes,21,4,2,80,1,3,2,3,3,2,0,2
1703,44,No,Travel_Rarely,Research & Development,2,3,Life Sciences,1,3,Female,4,3,Healthcare Representative,4,Married,7879,1,Yes,19,3,2,80,1,9,2,3,8,7,6,7
1704,35,No,Travel_Frequently,Research & Development,2,4,Medical,1,1,Male,2,1,Research Scientist,4,Single,4930,0,Yes,14,3,3,80,0,6,2,4,5,4,1,4
1706,43,No,Travel_Rarely,Sales,2,3,Medical,1,4,Male,3,2,Sales Executive,4,Married,7847,1,Yes,17,3,1,80,1,10,3,3,10,9,8,8
1707,24,No,Travel_Rarely,Research & Development,9,3,Medical,1,3,Male,4,1,Research Scientist,3,Married,4401,1,No,16,3,4,80,1,5,1,3,5,3,0,4
1708,41,No,Travel_Rarely,Sales,6,3,Marketing,1,4,Male,3,3,Sales Executive,3,Single,9241,1,No,12,3,2,80,0,10,3,3,10,8,8,7
1709,29,No,Travel_Rarely,Research & Development,9,4,Medical,1,4,Female,3,1,Laboratory Technician,3,Married,2974,9,No,17,3,3,80,1,9,2,3,5,3,1,2
1710,36,No,Travel_Rarely,Sales,2,4,Life Sciences,1,3,Female,3,2,Sales Representative,4,Single,4502,3,No,15,3,3,80,0,17,2,2,13,7,6,7
1712,45,No,Non-Travel,Research & Development,1,1,Life Sciences,1,3,Male,2,3,Healthcare Representative,3,Married,10748,3,No,23,4,4,80,1,25,3,2,23,15,14,4
1714,24,Yes,Travel_Rarely,Human Resources,22,1,Human Resources,1,4,Male,1,1,Human Resources,3,Married,1555,1,No,11,3,3,80,1,1,2,3,1,0,0,0
1716,47,Yes,Travel_Frequently,Sales,9,3,Life Sciences,1,3,Male,1,4,Sales Executive,3,Married,12936,7,No,11,3,3,80,0,25,3,1,23,5,14,10
1718,26,No,Travel_Rarely,Research & Development,17,4,Medical,1,4,Male,1,1,Laboratory Technician,3,Married,2305,1,No,15,3,3,80,3,3,3,4,3,2,0,2
1719,45,No,Travel_Rarely,Research & Development,28,2,Technical Degree,1,4,Female,2,4,Research Director,2,Single,16704,1,No,11,3,3,80,0,21,2,3,21,6,8,6
1720,32,No,Travel_Frequently,Research & Development,10,3,Life Sciences,1,1,Male,3,1,Research Scientist,3,Married,3433,6,No,13,3,1,80,1,10,3,2,5,2,1,3
1721,31,No,Travel_Rarely,Research & Development,2,4,Life Sciences,1,2,Male,3,1,Laboratory Technician,3,Married,3477,1,No,14,3,4,80,1,6,2,4,5,2,0,3
1722,41,No,Non-Travel,Human Resources,4,3,Human Resources,1,3,Male,1,2,Human Resources,2,Married,6430,6,No,19,3,2,80,1,10,4,3,3,2,1,2
1724,40,No,Travel_Rarely,Research & Development,8,2,Life Sciences,1,2,Female,3,2,Manufacturing Director,1,Married,6516,2,Yes,16,3,2,80,1,18,3,3,1,0,0,0
1725,24,No,Travel_Rarely,Research & Development,29,1,Medical,1,2,Male,3,1,Laboratory Technician,1,Divorced,3907,1,No,13,3,2,80,3,6,2,4,6,2,1,2
1727,46,No,Travel_Rarely,Research & Development,13,4,Life Sciences,1,3,Male,3,2,Healthcare Representative,2,Single,5562,6,No,14,3,4,80,0,19,3,3,10,7,0,9
1728,35,No,Travel_Rarely,Research & Development,27,4,Life Sciences,1,4,Male,3,2,Manufacturing Director,3,Married,6883,2,No,16,3,2,80,1,17,3,3,7,7,0,7
1729,30,No,Travel_Rarely,Research & Development,16,1,Life Sciences,1,2,Male,3,1,Research Scientist,4,Married,2862,1,No,12,3,2,80,1,10,2,2,10,0,0,8
1731,47,No,Non-Travel,Sales,2,4,Marketing,1,3,Male,3,2,Sales Executive,2,Married,4978,7,No,11,3,4,80,1,4,3,1,1,0,0,0
1732,46,No,Travel_Rarely,Sales,2,3,Life Sciences,1,3,Male,3,3,Sales Executive,4,Divorced,10368,4,Yes,12,3,2,80,1,13,5,2,10,6,0,3
1733,36,Yes,Travel_Rarely,Sales,13,5,Marketing,1,2,Male,2,2,Sales Executive,1,Divorced,6134,5,Yes,13,3,2,80,3,16,3,3,2,2,2,2
1734,32,Yes,Travel_Rarely,Sales,1,2,Life Sciences,1,1,Male,1,2,Sales Executive,2,Single,6735,6,No,15,3,2,80,0,10,2,3,0,0,0,0
1735,23,No,Travel_Rarely,Research & Development,4,1,Medical,1,3,Female,3,1,Laboratory Technician,2,Single,3295,1,No,13,3,3,80,0,3,3,1,3,2,1,2
1736,31,No,Travel_Frequently,Research & Development,24,1,Technical Degree,1,4,Female,3,2,Manufacturing Director,4,Single,5238,2,No,20,4,4,80,0,9,3,2,5,4,1,4
1737,39,No,Non-Travel,Research & Development,1,3,Life Sciences,1,4,Male,3,2,Laboratory Technician,4,Married,6472,1,Yes,15,3,4,80,1,9,2,3,9,8,5,8
1739,32,No,Travel_Rarely,Sales,19,3,Life Sciences,1,4,Male,1,3,Sales Executive,3,Married,9610,3,No,13,3,3,80,1,10,2,1,4,3,0,2
1740,40,No,Travel_Rarely,Sales,7,4,Medical,1,2,Male,3,5,Manager,2,Single,19833,1,No,14,3,2,80,0,21,3,2,21,8,12,8
1744,45,No,Travel_Rarely,Human Resources,4,3,Life Sciences,1,3,Female,1,3,Human Resources,3,Married,9756,4,No,21,4,3,80,2,9,2,4,5,0,0,3
1745,30,No,Travel_Frequently,Research & Development,2,4,Technical Degree,1,4,Female,2,1,Research Scientist,1,Single,4968,0,No,16,3,4,80,0,10,2,3,9,7,0,7
1746,24,No,Travel_Frequently,Human Resources,10,3,Medical,1,1,Male,3,1,Human Resources,4,Married,2145,0,No,14,3,4,80,1,3,2,3,2,2,2,1
1747,30,Yes,Travel_Frequently,Human Resources,8,3,Human Resources,1,3,Female,2,1,Human Resources,4,Divorced,2180,6,No,11,3,3,80,1,6,0,2,4,2,1,2
1749,31,No,Travel_Rarely,Sales,5,3,Technical Degree,1,1,Male,3,2,Sales Executive,3,Married,8346,1,No,19,3,3,80,1,6,3,3,5,2,0,2
1751,27,No,Travel_Rarely,Research & Development,8,3,Medical,1,3,Female,3,1,Research Scientist,4,Single,3445,1,No,11,3,3,80,0,6,5,2,6,2,1,4
1752,29,Yes,Travel_Rarely,Sales,9,3,Marketing,1,2,Female,1,1,Sales Representative,2,Single,2760,1,No,13,3,3,80,0,2,3,3,2,2,2,2
1753,29,No,Travel_Frequently,Research & Development,1,3,Life Sciences,1,4,Male,4,2,Healthcare Representative,3,Single,6294,8,Yes,12,3,4,80,0,10,5,4,3,2,0,2
1754,30,No,Travel_Rarely,Sales,15,2,Marketing,1,3,Male,2,3,Sales Executive,1,Divorced,7140,2,No,11,3,1,80,1,12,2,3,7,7,1,7
1755,34,No,Travel_Rarely,Research & Development,2,4,Medical,1,4,Male,4,1,Research Scientist,4,Married,2932,0,Yes,14,3,1,80,3,6,3,3,5,0,1,2
1756,33,No,Non-Travel,Sales,2,3,Marketing,1,4,Female,3,2,Sales Executive,2,Single,5147,8,No,15,3,4,80,0,13,2,2,11,7,1,7
1757,49,No,Travel_Rarely,Sales,11,4,Marketing,1,4,Female,3,2,Sales Executive,4,Single,4507,3,No,12,3,3,80,0,8,1,4,5,1,0,4
1758,33,Yes,Travel_Rarely,Sales,16,3,Life Sciences,1,1,Female,3,3,Sales Executive,1,Single,8564,2,Yes,20,4,3,80,0,11,2,2,0,0,0,0
1760,38,No,Travel_Frequently,Research & Development,2,2,Medical,1,3,Female,2,1,Laboratory Technician,2,Married,2468,4,No,14,3,2,80,1,9,4,2,6,1,0,5
1761,31,Yes,Travel_Rarely,Sales,16,4,Marketing,1,1,Male,3,3,Sales Executive,3,Married,8161,2,No,13,3,1,80,3,10,2,3,1,0,0,0
1762,29,No,Travel_Rarely,Research & Development,4,3,Technical Degree,1,4,Female,2,1,Research Scientist,1,Divorced,2109,1,No,13,3,3,80,1,1,2,3,1,0,0,0
1763,30,No,Travel_Rarely,Research & Development,16,3,Life Sciences,1,3,Male,4,2,Healthcare Representative,3,Married,5294,3,No,16,3,3,80,1,10,3,3,7,0,1,7
1764,32,No,Non-Travel,Research & Development,5,4,Technical Degree,1,2,Male,3,1,Research Scientist,2,Single,2718,2,No,14,3,2,80,0,12,3,3,7,7,0,7
1766,38,No,Travel_Rarely,Research & Development,18,3,Medical,1,2,Male,1,2,Healthcare Representative,4,Married,5811,3,Yes,16,3,3,80,1,15,2,3,1,0,1,0
1767,43,Yes,Travel_Frequently,Research & Development,17,3,Technical Degree,1,3,Male,2,1,Research Scientist,3,Married,2437,9,Yes,16,3,4,80,1,6,4,3,1,0,0,0
1768,42,No,Travel_Rarely,Research & Development,12,3,Medical,1,2,Male,3,1,Laboratory Technician,2,Divorced,2766,8,No,22,4,2,80,3,7,6,2,5,3,0,4
1770,55,No,Travel_Rarely,Research & Development,2,3,Medical,1,3,Male,2,5,Research Director,1,Married,19038,8,No,12,3,2,80,3,34,2,3,1,0,0,0
1771,33,No,Non-Travel,Research & Development,4,3,Technical Degree,1,4,Male,3,2,Research Scientist,2,Divorced,3055,5,No,15,3,4,80,2,11,2,2,9,8,1,7
1772,41,No,Travel_Rarely,Research & Development,9,4,Life Sciences,1,3,Male,3,1,Laboratory Technician,1,Divorced,2289,1,No,20,4,2,80,2,5,2,3,5,3,0,4
1774,34,No,Non-Travel,Sales,10,3,Life Sciences,1,4,Male,3,2,Sales Executive,3,Divorced,4001,1,Yes,14,3,3,80,1,15,3,3,15,14,0,7
1775,53,No,Non-Travel,Research & Development,1,4,Medical,1,1,Female,2,4,Manufacturing Director,3,Married,12965,4,Yes,20,4,4,80,3,27,2,2,3,2,0,2
1778,43,No,Travel_Rarely,Human Resources,2,3,Life Sciences,1,2,Male,3,1,Human Resources,4,Single,3539,0,No,13,3,2,80,0,10,5,3,9,7,1,8
1779,34,No,Travel_Rarely,Sales,3,2,Life Sciences,1,4,Female,1,2,Sales Executive,4,Single,6029,5,No,12,3,1,80,0,6,3,3,2,2,2,2
1780,21,Yes,Travel_Rarely,Sales,7,1,Marketing,1,2,Male,3,1,Sales Representative,2,Single,2679,1,No,13,3,2,80,0,1,3,3,1,0,1,0
1782,38,No,Travel_Rarely,Research & Development,6,2,Other,1,4,Female,2,1,Laboratory Technician,3,Married,3702,1,No,11,3,2,80,1,5,3,3,5,4,0,4
1783,22,Yes,Travel_Rarely,Research & Development,8,1,Medical,1,3,Female,3,1,Laboratory Technician,1,Married,2398,1,Yes,17,3,3,80,0,1,6,3,1,0,0,0
1784,31,No,Travel_Rarely,Sales,29,4,Marketing,1,1,Female,2,2,Sales Executive,4,Married,5468,1,No,14,3,1,80,2,13,3,3,12,7,5,7
1786,51,No,Travel_Rarely,Research & Development,3,3,Technical Degree,1,1,Female,3,3,Manager,3,Married,13116,2,No,11,3,4,80,0,15,2,3,2,2,2,2
1787,37,No,Travel_Rarely,Sales,9,2,Marketing,1,2,Male,2,2,Sales Executive,2,Married,4189,1,No,14,3,1,80,2,5,2,3,5,2,0,3
1789,46,No,Travel_Rarely,Research & Development,2,4,Medical,1,3,Male,3,5,Research Director,4,Divorced,19328,7,Yes,17,3,3,80,1,24,3,3,2,1,2,2
1790,36,No,Travel_Rarely,Research & Development,10,3,Life Sciences,1,4,Male,3,3,Healthcare Representative,1,Married,8321,7,Yes,13,3,4,80,1,15,1,3,12,8,5,7
1792,44,Yes,Travel_Frequently,Research & Development,1,2,Medical,1,3,Male,3,1,Research Scientist,2,Divorced,2342,1,Yes,12,3,3,80,3,6,2,2,5,3,2,3
1794,37,No,Travel_Rarely,Human Resources,8,2,Other,1,3,Male,3,2,Human Resources,2,Divorced,4071,2,No,13,3,3,80,0,19,4,2,10,0,4,7
1797,35,Yes,Travel_Rarely,Sales,27,3,Life Sciences,1,3,Male,3,2,Sales Executive,4,Single,5813,1,Yes,18,3,4,80,0,10,2,3,10,7,7,7
1798,33,No,Travel_Rarely,Research & Development,8,4,Life Sciences,1,4,Male,4,1,Research Scientist,1,Married,3143,6,No,19,3,2,80,1,14,1,3,10,8,7,6
1799,28,No,Travel_Rarely,Research & Development,1,3,Life Sciences,1,3,Male,3,1,Research Scientist,4,Married,2044,1,No,11,3,3,80,1,5,6,4,5,3,0,3
1800,39,No,Travel_Rarely,Research & Development,10,1,Medical,1,3,Male,3,3,Research Director,3,Single,13464,7,No,21,4,3,80,0,9,3,3,4,3,2,2
1801,46,No,Non-Travel,Sales,26,2,Life Sciences,1,2,Male,2,2,Sales Executive,2,Single,7991,8,No,15,3,3,80,0,6,3,3,2,2,2,2
1802,40,No,Travel_Rarely,Research & Development,2,2,Life Sciences,1,3,Female,3,1,Laboratory Technician,1,Married,3377,4,No,17,3,4,80,1,7,5,2,4,3,0,2
1803,42,No,Travel_Rarely,Research & Development,13,3,Medical,1,2,Male,4,2,Healthcare Representative,1,Married,5538,5,No,18,3,3,80,2,10,2,2,0,0,0,0
1804,35,No,Non-Travel,Research & Development,2,2,Medical,1,2,Male,3,2,Manufacturing Director,4,Divorced,5762,2,No,14,3,3,80,1,15,6,3,7,7,1,7
1805,38,No,Non-Travel,Human Resources,2,3,Human Resources,1,1,Male,3,1,Human Resources,2,Divorced,2592,5,No,13,3,4,80,3,13,3,3,11,10,3,8
1807,34,Yes,Travel_Frequently,Research & Development,9,4,Life Sciences,1,4,Male,3,2,Laboratory Technician,1,Married,5346,4,No,17,3,3,80,1,11,3,2,7,1,0,7
1809,37,Yes,Travel_Rarely,Research & Development,10,4,Medical,1,4,Male,3,2,Manufacturing Director,1,Single,4213,1,No,15,3,2,80,0,10,4,1,10,3,0,8
1812,39,No,Travel_Frequently,Sales,20,3,Life Sciences,1,3,Male,3,2,Sales Executive,4,Divorced,4127,2,No,18,3,4,80,1,7,6,3,2,1,2,2
1813,43,No,Non-Travel,Research & Development,9,3,Life Sciences,1,1,Male,3,1,Research Scientist,3,Single,2438,4,No,13,3,3,80,0,7,2,2,3,2,1,2
1814,41,No,Travel_Rarely,Research & Development,5,3,Life Sciences,1,2,Male,4,2,Healthcare Representative,2,Single,6870,3,No,12,3,1,80,0,11,3,1,3,2,1,2
1815,41,No,Travel_Rarely,Sales,4,1,Marketing,1,3,Female,3,3,Sales Executive,3,Divorced,10447,0,Yes,13,3,4,80,1,23,3,4,22,14,13,5
1816,30,No,Travel_Rarely,Research & Development,10,3,Medical,1,1,Female,3,3,Manufacturing Director,3,Single,9667,9,No,14,3,2,80,0,9,3,3,7,7,0,2
1818,26,Yes,Travel_Rarely,Human Resources,20,2,Medical,1,4,Female,3,1,Human Resources,2,Married,2148,0,Yes,11,3,3,80,0,6,3,3,5,1,1,4
1821,46,Yes,Travel_Rarely,Research & Development,21,2,Medical,1,4,Female,3,2,Healthcare Representative,2,Married,8926,4,No,22,4,4,80,1,13,2,4,9,7,3,7
1822,40,No,Travel_Rarely,Research & Development,1,3,Life Sciences,1,3,Female,3,2,Healthcare Representative,4,Divorced,6513,4,No,17,3,4,80,1,12,3,3,5,3,0,3
1823,34,No,Travel_Rarely,Sales,8,2,Technical Degree,1,2,Male,4,2,Sales Executive,3,Married,6799,1,No,21,4,3,80,2,10,5,3,10,8,4,8
1824,58,No,Non-Travel,Sales,2,3,Medical,1,2,Male,3,4,Manager,2,Divorced,16291,4,No,22,4,4,80,1,37,0,2,16,9,14,14
1826,35,No,Travel_Rarely,Research & Development,23,4,Medical,1,2,Male,1,1,Laboratory Technician,3,Married,2705,0,No,16,3,2,80,1,6,2,4,5,4,0,3
1827,47,No,Travel_Rarely,Research & Development,4,3,Life Sciences,1,3,Female,2,3,Manufacturing Director,2,Divorced,10333,8,Yes,12,3,3,80,1,28,4,3,22,11,14,10
1829,40,No,Travel_Rarely,Research & Development,12,3,Life Sciences,1,2,Female,3,2,Healthcare Representative,1,Divorced,4448,2,No,12,3,2,80,1,15,3,3,7,4,7,7
1830,54,No,Travel_Rarely,Research & Development,7,4,Medical,1,4,Female,3,2,Research Scientist,4,Married,6854,4,No,15,3,2,80,1,14,2,2,7,1,1,7
1833,31,No,Travel_Frequently,Sales,7,4,Marketing,1,1,Female,3,3,Sales Executive,1,Married,9637,2,No,14,3,4,80,2,9,3,3,3,2,2,2
1834,28,No,Travel_Rarely,Research & Development,1,3,Medical,1,3,Female,3,1,Research Scientist,1,Married,3591,1,No,25,4,3,80,1,3,3,3,3,2,1,2
1835,38,No,Travel_Rarely,Sales,2,4,Marketing,1,2,Female,1,2,Sales Representative,4,Married,5405,2,Yes,20,4,1,80,2,20,4,2,4,2,0,3
1836,26,No,Travel_Rarely,Sales,10,3,Medical,1,3,Male,3,2,Sales Executive,4,Single,4684,1,No,13,3,1,80,0,5,4,3,5,3,1,2
1837,58,No,Travel_Frequently,Research & Development,15,4,Life Sciences,1,1,Male,3,4,Research Director,3,Married,15787,2,Yes,14,3,2,80,0,23,3,3,2,2,2,2
1839,18,No,Non-Travel,Research & Development,14,3,Medical,1,2,Female,3,1,Research Scientist,3,Single,1514,1,No,16,3,3,80,0,0,4,1,0,0,0,0
1842,31,Yes,Travel_Rarely,Human Resources,18,5,Human Resources,1,4,Male,4,1,Human Resources,1,Married,2956,0,No,17,3,3,80,0,2,4,3,1,0,0,0
1844,29,Yes,Travel_Rarely,Human Resources,13,3,Human Resources,1,1,Male,2,1,Human Resources,1,Divorced,2335,4,Yes,15,3,4,80,3,4,3,3,2,2,2,0
1845,45,No,Non-Travel,Sales,2,4,Life Sciences,1,3,Female,3,2,Sales Executive,3,Married,5154,4,No,22,4,2,80,2,10,3,4,8,7,5,7
1847,36,No,Travel_Rarely,Research & Development,2,4,Other,1,4,Female,3,2,Research Scientist,2,Married,6962,4,Yes,22,4,4,80,1,15,2,3,1,0,0,0
1849,43,No,Travel_Frequently,Sales,2,4,Life Sciences,1,1,Male,3,2,Sales Executive,4,Married,5675,1,No,20,4,3,80,1,7,5,3,7,7,7,7
1850,27,No,Travel_Frequently,Research & Development,5,2,Life Sciences,1,4,Female,3,1,Laboratory Technician,4,Single,2379,0,Yes,14,3,3,80,0,6,3,2,5,4,0,2
1852,29,No,Travel_Frequently,Research & Development,20,1,Medical,1,4,Male,3,1,Laboratory Technician,4,Married,3812,1,No,13,3,2,80,0,11,3,4,11,8,3,10
1853,32,No,Travel_Frequently,Sales,10,4,Marketing,1,4,Male,3,2,Sales Executive,4,Single,4648,8,No,13,3,3,80,0,4,2,4,0,0,0,0
1854,42,No,Non-Travel,Research & Development,10,4,Technical Degree,1,3,Male,3,1,Research Scientist,3,Married,2936,3,No,22,4,2,80,2,10,1,2,6,3,3,3
1856,47,No,Travel_Rarely,Research & Development,9,4,Life Sciences,1,2,Female,3,1,Laboratory Technician,3,Single,2105,4,No,12,3,3,80,0,7,2,3,2,2,2,0
1857,46,No,Travel_Rarely,Research & Development,2,2,Life Sciences,1,4,Male,3,3,Manufacturing Director,4,Divorced,8578,3,No,14,3,3,80,1,12,4,2,9,8,4,7
1858,28,No,Non-Travel,Human Resources,1,2,Life Sciences,1,3,Male,3,1,Human Resources,4,Divorced,2706,1,No,15,3,2,80,1,3,2,3,3,2,2,2
1859,29,No,Travel_Rarely,Research & Development,29,1,Life Sciences,1,4,Male,1,2,Healthcare Representative,3,Divorced,6384,8,No,17,3,4,80,2,11,3,3,7,0,1,6
1860,42,No,Travel_Rarely,Research & Development,8,3,Life Sciences,1,4,Male,3,1,Laboratory Technician,3,Single,3968,4,No,13,3,4,80,0,8,3,3,0,0,0,0
1862,32,Yes,Travel_Rarely,Sales,2,4,Marketing,1,3,Male,2,2,Sales Executive,2,Single,9907,7,Yes,12,3,3,80,0,7,3,2,2,2,2,2
1863,46,No,Travel_Rarely,Sales,3,3,Technical Degree,1,1,Female,4,4,Sales Executive,1,Divorced,13225,2,No,12,3,4,80,1,25,5,3,19,17,2,8
1864,27,No,Travel_Rarely,Sales,23,1,Medical,1,2,Female,2,2,Sales Representative,3,Married,3540,1,No,21,4,4,80,1,9,5,3,9,8,5,8
1865,29,No,Travel_Rarely,Human Resources,6,1,Medical,1,4,Male,2,1,Human Resources,2,Married,2804,1,No,11,3,4,80,0,1,3,3,1,0,0,0
1866,43,No,Travel_Rarely,Research & Development,6,3,Medical,1,1,Female,2,5,Manager,3,Married,19392,7,No,13,3,4,80,0,21,2,3,16,12,6,14
1867,48,No,Travel_Rarely,Research & Development,10,3,Life Sciences,1,4,Male,2,5,Research Director,2,Married,19665,4,No,12,3,4,80,0,29,3,3,22,10,12,9
1868,29,Yes,Travel_Frequently,Research & Development,24,2,Life Sciences,1,4,Male,2,1,Research Scientist,4,Single,2439,1,Yes,24,4,2,80,0,1,3,2,1,0,1,0
1869,46,Yes,Travel_Rarely,Sales,10,3,Life Sciences,1,3,Female,3,3,Sales Executive,2,Married,7314,5,No,21,4,3,80,3,14,2,3,8,7,0,7
1870,27,No,Travel_Frequently,Research & Development,15,3,Life Sciences,1,4,Female,2,1,Research Scientist,1,Married,4774,0,No,19,3,4,80,1,8,2,2,7,6,7,3
1871,39,No,Travel_Rarely,Research & Development,19,4,Other,1,4,Male,3,2,Research Scientist,4,Divorced,3902,8,No,14,3,2,80,3,7,2,3,2,2,2,2
1873,55,No,Travel_Rarely,Research & Development,2,4,Technical Degree,1,2,Male,2,1,Research Scientist,4,Married,2662,8,No,20,4,2,80,1,19,2,4,5,2,0,4
1875,28,No,Travel_Rarely,Sales,3,3,Medical,1,2,Female,3,1,Sales Representative,2,Married,2856,1,No,19,3,4,80,1,1,3,3,1,0,0,0
1876,30,Yes,Travel_Rarely,Sales,9,3,Medical,1,2,Male,3,1,Sales Representative,4,Single,1081,1,No,13,3,3,80,0,1,3,2,1,0,0,0
1878,22,Yes,Travel_Rarely,Research & Development,7,1,Life Sciences,1,4,Male,3,1,Research Scientist,2,Single,2472,1,Yes,23,4,1,80,0,1,2,3,1,0,0,0
1880,36,No,Travel_Rarely,Sales,10,4,Technical Degree,1,2,Female,2,2,Sales Executive,3,Married,5673,1,Yes,13,3,1,80,1,10,4,3,10,9,1,7
1881,31,No,Travel_Rarely,Research & Development,20,3,Life Sciences,1,2,Male,3,2,Laboratory Technician,3,Divorced,4197,1,No,11,3,1,80,1,10,2,3,10,8,0,2
1882,34,No,Travel_Rarely,Sales,4,3,Life Sciences,1,3,Male,3,3,Sales Executive,4,Married,9713,2,Yes,13,3,4,80,3,9,3,3,5,3,1,0
1883,29,No,Travel_Rarely,Research & Development,7,3,Life Sciences,1,4,Male,3,1,Laboratory Technician,1,Single,2062,3,No,14,3,2,80,0,11,2,3,3,2,1,2
1885,37,No,Travel_Rarely,Research & Development,7,4,Medical,1,4,Male,3,2,Research Scientist,1,Married,4284,5,Yes,22,4,3,80,1,16,2,3,5,3,0,4
1886,35,No,Travel_Rarely,Research & Development,16,2,Other,1,4,Female,2,2,Manufacturing Director,2,Married,4788,0,Yes,11,3,4,80,0,4,2,3,3,2,0,2
1888,45,No,Travel_Rarely,Research & Development,25,2,Life Sciences,1,2,Female,2,2,Manufacturing Director,4,Married,5906,0,No,13,3,4,80,2,10,2,2,9,8,3,8
1890,36,No,Travel_Frequently,Human Resources,2,1,Human Resources,1,2,Male,2,2,Human Resources,4,Single,3886,1,No,21,4,4,80,0,10,2,2,10,1,0,8
1892,40,No,Travel_Rarely,Research & Development,1,4,Life Sciences,1,1,Male,3,4,Manager,1,Divorced,16823,2,No,11,3,1,80,1,22,3,3,19,7,11,16
1893,26,No,Travel_Rarely,Research & Development,1,2,Life Sciences,1,2,Female,2,1,Research Scientist,3,Married,2933,1,Yes,13,3,3,80,1,1,3,2,1,0,1,0
1898,27,No,Travel_Rarely,Sales,2,2,Medical,1,1,Female,4,2,Sales Executive,3,Single,6500,0,No,14,3,2,80,0,9,5,2,8,7,0,7
1900,48,No,Travel_Frequently,Research & Development,22,3,Medical,1,4,Female,3,4,Manager,4,Divorced,17174,3,No,11,3,2,80,1,24,3,3,22,17,4,7
1903,44,No,Travel_Rarely,Research & Development,1,4,Life Sciences,1,2,Male,4,2,Healthcare Representative,1,Married,5033,2,No,15,3,4,80,1,10,5,3,2,0,2,2
1905,34,Yes,Non-Travel,Research & Development,16,4,Technical Degree,1,4,Male,1,1,Research Scientist,1,Married,2307,1,Yes,23,4,2,80,1,5,2,3,5,2,3,0
1907,56,Yes,Travel_Rarely,Research & Development,24,2,Life Sciences,1,1,Male,3,1,Laboratory Technician,4,Single,2587,1,No,16,3,4,80,0,5,3,3,4,2,1,0
1908,36,No,Travel_Rarely,Sales,17,2,Marketing,1,3,Male,2,2,Sales Executive,2,Married,5507,2,No,16,3,3,80,2,12,1,1,4,2,1,3
1909,41,No,Travel_Rarely,Sales,8,3,Marketing,1,3,Female,3,2,Sales Executive,2,Married,4393,5,No,21,4,3,80,1,14,3,3,5,4,1,4
1911,42,No,Travel_Rarely,Research & Development,6,3,Medical,1,3,Male,3,3,Research Director,1,Married,13348,9,No,13,3,2,80,1,18,3,4,13,7,5,7
1912,31,No,Travel_Rarely,Sales,10,2,Medical,1,3,Female,3,2,Sales Executive,4,Divorced,6583,2,Yes,11,3,4,80,1,8,2,3,5,2,1,4
1915,34,No,Travel_Rarely,Sales,3,1,Medical,1,4,Female,2,2,Sales Executive,4,Married,8103,3,Yes,12,3,3,80,0,9,3,2,4,2,0,1
1916,31,No,Travel_Rarely,Research & Development,4,3,Medical,1,1,Female,4,1,Laboratory Technician,3,Divorced,3978,8,No,12,3,2,80,1,4,0,2,2,2,2,2
1918,26,No,Travel_Frequently,Research & Development,6,3,Other,1,3,Male,4,1,Laboratory Technician,4,Married,2544,0,No,18,3,1,80,1,8,3,3,7,7,7,7
1922,45,No,Travel_Frequently,Research & Development,1,4,Medical,1,2,Male,3,2,Healthcare Representative,3,Single,5399,4,No,12,3,3,80,0,12,3,3,4,2,0,3
1924,33,No,Travel_Rarely,Sales,10,4,Marketing,1,2,Male,3,2,Sales Executive,3,Single,5487,1,No,14,3,2,80,0,10,2,2,10,4,0,9
1927,28,No,Travel_Frequently,Sales,1,2,Life Sciences,1,3,Male,2,2,Sales Executive,4,Married,6834,1,Yes,12,3,3,80,1,7,2,3,7,7,0,7
1928,29,Yes,Travel_Frequently,Sales,24,3,Technical Degree,1,3,Male,4,1,Sales Representative,1,Single,1091,1,No,17,3,4,80,0,1,3,3,1,0,0,0
1929,39,No,Non-Travel,Sales,21,4,Life Sciences,1,1,Female,1,2,Sales Executive,3,Married,5736,6,No,19,3,3,80,1,10,1,3,3,2,1,2
1931,27,No,Travel_Rarely,Research & Development,2,4,Technical Degree,1,2,Male,3,1,Research Scientist,2,Married,2226,1,No,11,3,3,80,1,6,3,2,5,3,1,2
1932,34,No,Travel_Frequently,Research & Development,22,4,Other,1,3,Male,2,2,Research Scientist,4,Married,5747,1,Yes,15,3,2,80,0,16,3,3,15,10,6,11
1933,28,Yes,Travel_Rarely,Sales,13,2,Marketing,1,4,Female,3,2,Sales Executive,3,Single,9854,3,Yes,11,3,4,80,0,6,0,3,2,0,2,2
1934,47,No,Non-Travel,Research & Development,14,4,Technical Degree,1,3,Male,3,2,Research Scientist,2,Married,5467,8,No,18,3,3,80,1,16,4,4,8,7,1,7
1935,56,No,Travel_Rarely,Sales,11,5,Marketing,1,4,Female,2,2,Sales Executive,1,Married,5380,4,No,16,3,3,80,1,6,3,3,0,0,0,0
1936,39,No,Travel_Rarely,Research & Development,9,2,Medical,1,1,Male,3,2,Manufacturing Director,1,Married,5151,1,No,25,4,4,80,1,10,3,3,10,0,7,9
1937,38,No,Travel_Frequently,Research & Development,8,3,Medical,1,4,Female,2,2,Research Scientist,2,Divorced,2133,1,Yes,16,3,3,80,1,20,3,3,20,11,0,7
1938,58,No,Travel_Rarely,Sales,21,3,Life Sciences,1,4,Female,3,4,Manager,4,Married,17875,4,Yes,13,3,3,80,1,29,2,2,1,0,0,0
1939,32,Yes,Travel_Frequently,Research & Development,5,2,Life Sciences,1,1,Female,4,1,Research Scientist,3,Single,2432,3,Yes,14,3,1,80,0,8,2,3,4,1,0,3
1940,38,No,Travel_Rarely,Research & Development,9,2,Life Sciences,1,2,Male,3,1,Research Scientist,4,Divorced,4771,2,No,19,3,4,80,2,10,0,4,5,2,0,3
1941,49,No,Travel_Frequently,Research & Development,2,1,Life Sciences,1,2,Male,3,5,Research Director,4,Married,19161,3,No,15,3,4,80,0,28,3,3,5,4,4,3
1943,42,No,Travel_Rarely,Sales,12,4,Marketing,1,2,Male,3,2,Sales Executive,4,Divorced,5087,3,Yes,12,3,3,80,2,14,4,3,0,0,0,0
1944,27,Yes,Travel_Frequently,Human Resources,22,3,Human Resources,1,1,Female,2,1,Human Resources,2,Married,2863,1,No,12,3,1,80,0,1,2,3,1,0,0,0
1945,35,No,Travel_Rarely,Sales,18,4,Medical,1,2,Male,3,2,Sales Executive,1,Married,5561,0,No,16,3,4,80,1,6,2,1,5,3,0,4
1947,28,No,Non-Travel,Research & Development,16,3,Medical,1,3,Male,3,1,Research Scientist,3,Single,2144,1,No,14,3,3,80,0,5,3,2,5,3,1,4
1948,31,No,Non-Travel,Research & Development,3,2,Medical,1,3,Male,3,1,Research Scientist,1,Divorced,3065,1,Yes,13,3,4,80,1,4,3,4,4,2,2,3
1949,36,No,Non-Travel,Research & Development,9,4,Life Sciences,1,1,Male,4,1,Laboratory Technician,2,Married,2810,1,No,22,4,2,80,0,5,3,3,5,4,0,2
1950,34,No,Travel_Rarely,Sales,1,3,Marketing,1,1,Male,3,3,Sales Executive,4,Single,9888,1,No,21,4,1,80,0,14,3,2,14,8,2,1
1951,34,No,Travel_Rarely,Sales,13,4,Medical,1,4,Male,3,3,Sales Executive,3,Divorced,8628,1,No,18,3,3,80,1,9,2,2,8,7,1,1
1952,26,No,Travel_Rarely,Research & Development,1,3,Medical,1,3,Male,3,1,Laboratory Technician,1,Single,2867,0,No,13,3,4,80,0,8,6,2,7,7,7,6
1954,29,No,Travel_Rarely,Research & Development,1,3,Life Sciences,1,1,Male,3,2,Healthcare Representative,1,Married,5373,0,No,12,3,1,80,1,6,5,2,5,3,0,2
1955,32,No,Non-Travel,Research & Development,15,4,Medical,1,3,Female,3,2,Healthcare Representative,4,Divorced,6667,5,No,18,3,2,80,1,9,6,3,5,1,1,2
1956,31,No,Travel_Frequently,Research & Development,1,3,Life Sciences,1,4,Male,1,2,Research Scientist,1,Married,5003,1,No,21,4,2,80,0,10,6,3,10,8,8,7
1960,28,Yes,Travel_Rarely,Research & Development,17,3,Technical Degree,1,3,Male,2,1,Laboratory Technician,4,Divorced,2367,5,No,12,3,1,80,1,6,2,2,4,1,0,3
1961,38,No,Travel_Rarely,Sales,1,3,Life Sciences,1,1,Male,2,1,Sales Representative,1,Single,2858,4,No,14,3,1,80,0,20,3,2,1,0,0,0
1962,35,No,Travel_Rarely,Sales,7,4,Life Sciences,1,3,Female,3,2,Sales Executive,4,Married,5204,1,Yes,11,3,4,80,0,10,2,3,10,8,0,9
1965,27,No,Travel_Rarely,Sales,9,3,Marketing,1,4,Male,3,2,Sales Executive,4,Single,4105,1,No,14,3,1,80,0,7,5,3,7,7,0,7
1966,32,No,Travel_Rarely,Research & Development,5,4,Life Sciences,1,4,Male,2,2,Manufacturing Director,4,Single,9679,8,No,24,4,2,80,0,8,1,3,1,0,0,0
1967,31,Yes,Travel_Frequently,Sales,26,4,Marketing,1,1,Male,3,2,Sales Executive,4,Married,5617,1,Yes,11,3,3,80,0,10,4,3,10,7,0,8
1968,53,Yes,Travel_Rarely,Sales,24,4,Life Sciences,1,1,Male,3,3,Sales Executive,1,Single,10448,6,Yes,13,3,2,80,0,15,2,2,2,2,2,2
1969,54,No,Travel_Rarely,Research & Development,9,2,Life Sciences,1,1,Female,3,2,Research Scientist,3,Married,2897,3,No,11,3,3,80,2,9,6,2,4,3,2,3
1970,33,No,Travel_Frequently,Research & Development,7,2,Life Sciences,1,4,Male,3,2,Healthcare Representative,3,Divorced,5968,1,No,20,4,3,80,3,9,2,3,9,7,2,8
1971,43,No,Travel_Rarely,Research & Development,11,3,Life Sciences,1,1,Male,3,3,Healthcare Representative,3,Married,7510,1,No,17,3,2,80,1,10,1,3,10,9,0,9
1972,38,No,Travel_Frequently,Human Resources,1,4,Other,1,4,Male,3,1,Human Resources,2,Married,2991,0,Yes,11,3,2,80,1,7,2,3,6,2,1,2
1973,55,No,Travel_Rarely,Human Resources,26,4,Human Resources,1,3,Male,4,5,Manager,2,Married,19636,4,Yes,18,3,1,80,1,35,0,3,10,9,1,4
1974,31,No,Travel_Rarely,Research & Development,2,1,Medical,1,4,Female,1,1,Laboratory Technician,4,Divorced,1129,1,Yes,11,3,3,80,3,1,4,3,1,0,0,0
1975,39,No,Travel_Rarely,Sales,15,4,Marketing,1,2,Male,3,4,Sales Executive,1,Single,13341,0,No,12,3,1,80,0,21,3,3,20,8,11,10
1976,42,No,Non-Travel,Research & Development,23,2,Life Sciences,1,4,Male,2,2,Research Scientist,3,Single,4332,1,No,12,3,4,80,0,20,2,3,20,9,3,7
1979,31,No,Non-Travel,Research & Development,10,3,Medical,1,3,Female,3,3,Research Director,3,Married,11031,4,No,20,4,3,80,1,13,2,4,11,7,4,8
1980,54,No,Travel_Rarely,Research & Development,10,3,Medical,1,3,Female,3,2,Manufacturing Director,1,Single,4440,6,Yes,19,3,4,80,0,9,3,3,5,2,1,4
1981,24,No,Travel_Rarely,Research & Development,1,2,Life Sciences,1,2,Male,2,2,Healthcare Representative,3,Single,4617,1,No,12,3,2,80,0,4,2,2,4,3,1,2
1982,23,No,Travel_Rarely,Research & Development,12,2,Other,1,4,Male,3,1,Laboratory Technician,4,Single,2647,1,No,13,3,3,80,0,5,6,4,5,2,1,4
1985,40,No,Travel_Frequently,Research & Development,11,3,Technical Degree,1,4,Female,3,2,Laboratory Technician,3,Married,6323,1,No,11,3,1,80,1,10,2,4,10,9,9,4
1986,40,No,Travel_Rarely,Sales,2,2,Marketing,1,2,Female,3,2,Sales Executive,2,Married,5677,3,No,14,3,3,80,1,15,4,3,11,8,5,10
1987,25,No,Travel_Rarely,Human Resources,2,3,Human Resources,1,3,Female,3,1,Human Resources,2,Married,2187,4,No,14,3,3,80,0,6,3,3,2,0,1,2
1989,30,No,Travel_Rarely,Research & Development,1,2,Medical,1,4,Male,3,1,Laboratory Technician,2,Married,3748,1,No,13,3,3,80,0,12,6,2,12,8,1,7
1992,25,No,Travel_Rarely,Research & Development,2,1,Other,1,4,Male,3,1,Laboratory Technician,3,Divorced,3977,6,Yes,19,3,3,80,1,7,2,2,2,2,0,2
1993,47,No,Travel_Rarely,Research & Development,25,3,Medical,1,1,Male,3,3,Healthcare Representative,3,Single,8633,2,No,23,4,2,80,0,25,3,3,17,14,12,11
1994,33,No,Non-Travel,Research & Development,1,2,Medical,1,2,Male,2,1,Laboratory Technician,3,Divorced,2008,1,No,12,3,3,80,3,1,2,2,1,1,0,0
1995,38,No,Travel_Rarely,Sales,1,4,Life Sciences,1,4,Male,3,2,Sales Executive,2,Married,4440,0,No,15,3,1,80,2,16,3,3,15,13,5,8
1996,31,No,Travel_Rarely,Sales,2,2,Life Sciences,1,1,Male,3,1,Sales Representative,3,Married,3067,0,No,19,3,3,80,1,3,1,3,2,2,1,2
1997,38,No,Travel_Frequently,Research & Development,6,4,Life Sciences,1,1,Male,2,2,Manufacturing Director,3,Married,5321,2,No,11,3,4,80,1,10,1,3,8,3,7,7
1998,42,No,Travel_Rarely,Research & Development,18,4,Life Sciences,1,4,Male,3,2,Research Scientist,1,Divorced,5410,6,Yes,17,3,3,80,1,9,3,2,4,3,1,2
1999,41,No,Travel_Rarely,Research & Development,1,3,Life Sciences,1,4,Male,3,1,Research Scientist,4,Married,2782,3,No,22,4,1,80,1,12,3,3,5,3,1,0
2000,47,No,Non-Travel,Research & Development,1,1,Medical,1,3,Female,3,3,Research Director,2,Married,11957,0,No,18,3,1,80,2,14,3,1,13,8,5,12
2003,35,No,Travel_Rarely,Research & Development,11,4,Medical,1,4,Male,3,1,Laboratory Technician,3,Married,2660,7,Yes,11,3,3,80,1,5,3,3,2,2,2,2
2007,22,No,Travel_Rarely,Research & Development,1,2,Life Sciences,1,4,Male,3,1,Research Scientist,3,Single,3375,0,No,12,3,4,80,0,4,2,4,3,2,1,2
2008,35,No,Travel_Rarely,Research & Development,9,4,Medical,1,2,Male,3,2,Research Scientist,3,Single,5098,1,No,19,3,2,80,0,10,5,3,10,7,0,8
2009,33,No,Travel_Rarely,Research & Development,15,2,Medical,1,2,Female,3,2,Healthcare Representative,4,Married,4878,0,Yes,13,3,1,80,1,10,6,3,9,7,8,1
2010,32,No,Travel_Rarely,Research & Development,29,4,Life Sciences,1,3,Female,2,1,Laboratory Technician,2,Single,2837,1,No,13,3,3,80,0,6,3,3,6,2,4,1
2012,40,No,Travel_Rarely,Research & Development,1,4,Life Sciences,1,1,Male,3,1,Laboratory Technician,4,Married,2406,8,No,19,3,3,80,2,8,3,2,1,0,0,0
2013,32,No,Travel_Rarely,Sales,1,4,Medical,1,2,Male,2,1,Sales Representative,2,Married,2269,0,No,14,3,2,80,1,3,2,3,2,2,2,2
2014,39,No,Travel_Rarely,Research & Development,24,1,Life Sciences,1,1,Male,3,2,Research Scientist,4,Single,4108,7,No,13,3,1,80,0,18,2,3,7,7,1,7
2015,38,No,Travel_Rarely,Research & Development,10,3,Medical,1,2,Female,1,3,Research Director,3,Married,13206,3,No,12,3,1,80,1,20,3,3,18,16,1,11
2016,32,No,Travel_Rarely,Sales,1,4,Marketing,1,3,Female,3,3,Sales Executive,4,Married,10422,1,No,19,3,3,80,2,14,3,3,14,10,5,7
2017,37,No,Travel_Rarely,Research & Development,10,3,Life Sciences,1,3,Female,4,3,Research Director,4,Married,13744,1,Yes,25,4,1,80,1,16,2,3,16,11,6,8
2018,25,No,Travel_Rarely,Sales,8,2,Other,1,1,Female,3,2,Sales Executive,3,Divorced,4907,0,Yes,22,4,2,80,1,6,3,2,5,3,0,4
2019,52,No,Non-Travel,Sales,29,4,Life Sciences,1,1,Male,3,1,Sales Representative,4,Divorced,3482,2,No,15,3,2,80,2,16,3,2,9,8,0,0
2020,44,No,Travel_Rarely,Research & Development,1,3,Medical,1,2,Male,3,1,Research Scientist,4,Single,2436,6,Yes,12,3,3,80,0,6,2,3,4,3,1,2
2021,21,No,Travel_Rarely,Sales,5,1,Medical,1,3,Male,3,1,Sales Representative,1,Single,2380,1,Yes,11,3,4,80,0,2,6,3,2,2,1,2
2022,39,No,Non-Travel,Research & Development,9,3,Life Sciences,1,4,Male,3,5,Manager,4,Single,19431,2,No,13,3,3,80,0,21,3,2,6,0,1,3
2023,23,Yes,Travel_Frequently,Sales,9,3,Marketing,1,4,Male,3,1,Sales Representative,1,Married,1790,1,No,19,3,1,80,1,1,3,2,1,0,1,0
2024,36,No,Travel_Rarely,Sales,3,3,Medical,1,1,Female,2,3,Sales Executive,4,Married,7644,0,No,19,3,3,80,2,10,2,3,9,7,3,4
2025,36,No,Travel_Frequently,Research & Development,4,2,Life Sciences,1,4,Female,3,2,Manufacturing Director,2,Divorced,5131,7,No,13,3,2,80,3,18,3,3,4,2,0,2
2026,56,No,Non-Travel,Research & Development,1,4,Life Sciences,1,3,Male,3,2,Healthcare Representative,3,Divorced,6306,1,No,21,4,1,80,1,13,2,2,13,12,1,9
2027,29,Yes,Travel_Rarely,Research & Development,1,4,Medical,1,1,Male,3,1,Research Scientist,4,Married,4787,9,Yes,14,3,2,80,3,4,3,4,2,2,2,2
2031,42,No,Travel_Rarely,Research & Development,2,3,Life Sciences,1,1,Male,3,5,Manager,3,Married,18880,5,No,11,3,1,80,0,24,2,2,22,6,4,14
2032,56,Yes,Travel_Rarely,Research & Development,7,2,Technical Degree,1,4,Male,3,1,Laboratory Technician,3,Married,2339,8,No,11,3,4,80,1,14,4,1,10,9,9,8
2034,41,No,Travel_Rarely,Research & Development,28,4,Life Sciences,1,1,Female,2,4,Manufacturing Director,2,Married,13570,0,No,23,4,3,80,1,21,3,3,20,7,0,10
2035,34,No,Travel_Rarely,Sales,28,3,Marketing,1,4,Female,2,2,Sales Executive,3,Married,6712,1,No,21,4,4,80,2,8,2,3,8,7,1,7
2036,36,No,Non-Travel,Sales,15,4,Marketing,1,4,Male,1,2,Sales Executive,4,Divorced,5406,1,No,24,4,1,80,1,15,4,2,15,12,11,11
2037,41,No,Travel_Rarely,Sales,3,3,Life Sciences,1,3,Male,2,2,Sales Executive,2,Divorced,8938,2,No,11,3,3,80,1,14,5,3,5,4,0,4
2038,32,No,Travel_Rarely,Research & Development,2,3,Technical Degree,1,4,Male,3,1,Research Scientist,1,Single,2439,1,No,14,3,4,80,0,4,4,3,4,2,1,2
2040,35,No,Travel_Rarely,Human Resources,26,4,Life Sciences,1,3,Female,3,3,Human Resources,4,Single,8837,1,Yes,16,3,3,80,0,9,2,3,9,0,1,7
2041,38,No,Travel_Rarely,Sales,10,2,Life Sciences,1,1,Female,3,2,Sales Executive,4,Married,5343,1,No,11,3,3,80,1,10,1,3,10,7,1,9
2044,50,Yes,Travel_Frequently,Sales,1,4,Life Sciences,1,2,Male,3,2,Sales Executive,3,Divorced,6728,7,No,12,3,4,80,2,12,3,3,6,3,0,1
2045,36,No,Travel_Rarely,Sales,11,4,Marketing,1,2,Female,2,2,Sales Executive,4,Married,6652,4,No,13,3,1,80,1,8,2,2,6,3,0,0
2046,45,No,Travel_Rarely,Sales,20,3,Life Sciences,1,4,Female,3,2,Sales Executive,3,Single,4850,8,No,15,3,3,80,0,8,3,3,5,3,0,1
2048,40,No,Travel_Rarely,Research & Development,2,4,Life Sciences,1,3,Male,2,1,Research Scientist,3,Single,2809,2,No,14,3,4,80,0,8,2,3,2,2,2,2
2049,35,No,Travel_Frequently,Research & Development,18,4,Life Sciences,1,3,Male,3,2,Healthcare Representative,3,Married,5689,1,Yes,14,3,4,80,2,10,2,4,10,2,0,2
2051,40,No,Travel_Rarely,Research & Development,2,4,Medical,1,3,Female,3,1,Research Scientist,3,Married,2001,2,No,14,3,2,80,3,20,2,3,5,3,0,2
2052,35,No,Travel_Rarely,Research & Development,1,4,Life Sciences,1,3,Female,1,1,Research Scientist,4,Married,2977,1,No,12,3,4,80,1,4,5,3,4,3,1,1
2053,29,No,Travel_Rarely,Research & Development,13,2,Other,1,4,Male,2,2,Laboratory Technician,2,Married,4025,4,Yes,13,3,1,80,1,10,2,3,4,3,0,3
2054,29,No,Travel_Rarely,Research & Development,28,4,Medical,1,4,Female,2,1,Research Scientist,1,Single,3785,1,No,14,3,2,80,0,5,3,1,5,4,0,4
2055,50,Yes,Travel_Rarely,Sales,28,3,Marketing,1,4,Male,2,3,Sales Executive,1,Divorced,10854,4,Yes,13,3,2,80,1,20,3,3,3,2,2,0
2056,39,No,Travel_Rarely,Sales,24,1,Marketing,1,2,Female,2,4,Sales Executive,4,Married,12031,0,No,11,3,1,80,1,21,2,2,20,9,9,6
2057,31,No,Non-Travel,Research & Development,5,3,Medical,1,2,Male,3,2,Manufacturing Director,1,Single,9936,0,No,19,3,2,80,0,10,2,3,9,4,1,7
2060,26,No,Travel_Rarely,Sales,5,3,Other,1,4,Female,2,1,Sales Representative,3,Single,2966,0,No,18,3,4,80,0,5,2,3,4,2,0,0
2061,36,No,Travel_Frequently,Research & Development,23,2,Medical,1,3,Male,4,2,Laboratory Technician,4,Married,2571,4,No,17,3,3,80,1,17,3,3,5,2,0,3
2062,39,No,Travel_Rarely,Research & Development,6,1,Medical,1,4,Male,2,3,Healthcare Representative,1,Married,9991,4,No,15,3,1,80,1,9,5,3,7,7,1,7
2064,27,No,Travel_Rarely,Research & Development,4,3,Life Sciences,1,2,Male,4,2,Manufacturing Director,2,Married,6142,1,Yes,20,4,2,80,1,6,0,3,6,2,0,3
2065,49,No,Travel_Frequently,Sales,2,3,Medical,1,4,Male,2,2,Sales Executive,2,Married,5390,2,No,14,3,4,80,0,17,3,2,9,6,0,8
2068,34,No,Travel_Rarely,Research & Development,8,3,Medical,1,2,Male,4,2,Laboratory Technician,3,Married,4404,2,No,12,3,1,80,0,6,3,4,4,3,1,2
